model_name,weighting_name,term,coef,std_err,t_value,p_value,n_obs,dof,r_squared
base_controls,ols_equal_weights,Intercept,116.28931746881062,108.9264991737574,1.0675943719012597,0.28645433716082686,363,343,0.19932730154326483
base_controls,ols_equal_weights,log_turnover_2024,11.804874781530543,7.766284977403323,1.52001565946625,0.12942828435924647,363,343,0.19932730154326483
base_controls,ols_equal_weights,log_employees_2024,1.5585709468352889,12.325598348240618,0.12644992176446854,0.8994498776494624,363,343,0.19932730154326483
base_controls,ols_equal_weights,time_span,-33.18003493873792,3.8919968594168197,-8.52519571244198,4.929883053713218e-16,363,343,0.19932730154326483
base_controls,ols_equal_weights,sec_C,-36.789679816816715,63.031304031456315,-0.5836731507007455,0.5598238442772242,363,343,0.19932730154326483
base_controls,ols_equal_weights,sec_E,-64.21290149035065,95.83763009632874,-0.6700176269572682,0.5032973725737004,363,343,0.19932730154326483
base_controls,ols_equal_weights,sec_F,-50.170535332873214,76.41117437832864,-0.656586366340449,0.5118871748682767,363,343,0.19932730154326483
base_controls,ols_equal_weights,sec_G,-25.304372525126837,63.74463131863169,-0.39696476396014096,0.6916403271821555,363,343,0.19932730154326483
base_controls,ols_equal_weights,sec_H,-34.9239503987701,109.56605830580747,-0.3187478945468186,0.7501117024552373,363,343,0.19932730154326483
base_controls,ols_equal_weights,sec_I,-70.20126994722,82.6847416563122,-0.8490232725043629,0.3964605008181278,363,343,0.19932730154326483
base_controls,ols_equal_weights,sec_J,-36.510511964494526,62.670312970103076,-0.5825806547657085,0.5605584032268218,363,343,0.19932730154326483
base_controls,ols_equal_weights,sec_K,-31.702861494745775,59.820405177795834,-0.5299673481067169,0.5964774539176034,363,343,0.19932730154326483
base_controls,ols_equal_weights,sec_L,73.60739447652145,76.90768624323877,0.9570876211737879,0.33919712316643835,363,343,0.19932730154326483
base_controls,ols_equal_weights,sec_M,-35.88520224364402,108.84529418655785,-0.3296899743055291,0.7418354763300649,363,343,0.19932730154326483
base_controls,ols_equal_weights,sec_N,-51.988419830526254,60.403107917944396,-0.8606911402828938,0.3900093977903847,363,343,0.19932730154326483
base_controls,ols_equal_weights,sec_O,-92.18589714047721,71.93230983900816,-1.2815645340292652,0.2008611058492899,363,343,0.19932730154326483
base_controls,ols_equal_weights,sec_Q,-48.30047471981402,68.61888685063107,-0.7038947575024647,0.48197588963424987,363,343,0.19932730154326483
base_controls,ols_equal_weights,sec_R,-58.91619242076035,74.95643229882936,-0.7860058251689294,0.4324067250035528,363,343,0.19932730154326483
base_controls,ols_equal_weights,sec_S,-58.16665703550825,82.4979553136489,-0.7050678627653799,0.48124650676261804,363,343,0.19932730154326483
base_controls,ols_equal_weights,sec_T,-37.500245653386514,87.81264572293786,-0.42704835214401177,0.6696120458886263,363,343,0.19932730154326483
base_controls,wls_by_employees,Intercept,133.00823389123252,107.26580223193696,1.2399873130453416,0.21582770915956476,363,343,0.1763017832236451
base_controls,wls_by_employees,log_turnover_2024,9.207156205248339,7.564422505166368,1.2171657782150604,0.22437791742133076,363,343,0.1763017832236451
base_controls,wls_by_employees,log_employees_2024,-5.528879675660846,11.476017598030142,-0.4817768558153726,0.6302717180687188,363,343,0.1763017832236451
base_controls,wls_by_employees,time_span,-30.568926219449487,3.9651370376599484,-7.709424902371077,1.3800532751698394e-13,363,343,0.1763017832236451
base_controls,wls_by_employees,sec_C,-23.993661439988728,65.9460967136281,-0.3638374769045325,0.7162035376875782,363,343,0.1763017832236451
base_controls,wls_by_employees,sec_E,-43.05080949423984,102.9537847029441,-0.4181566478440374,0.6760942613874501,363,343,0.1763017832236451
base_controls,wls_by_employees,sec_F,0.6733787179348383,78.64432037290871,0.008562331198767698,0.9931733093798133,363,343,0.1763017832236451
base_controls,wls_by_employees,sec_G,-8.679615611483314,67.33252620407367,-0.12890672756249846,0.8975070059404475,363,343,0.1763017832236451
base_controls,wls_by_employees,sec_H,-6.1590118861179235,92.60958314857139,-0.06650512481237676,0.9470144247190833,363,343,0.1763017832236451
base_controls,wls_by_employees,sec_I,-56.1420166018147,88.06942574047538,-0.6374745393169139,0.5242410756433651,363,343,0.1763017832236451
base_controls,wls_by_employees,sec_J,-3.365382338221252,66.08591692434425,-0.050924349617089706,0.9594154449316323,363,343,0.1763017832236451
base_controls,wls_by_employees,sec_K,-9.54452468595855,62.879077919361045,-0.15179174061997025,0.8794404372519795,363,343,0.1763017832236451
base_controls,wls_by_employees,sec_L,121.22431335452711,72.08783972931128,1.6816194494067587,0.09355285251869357,363,343,0.1763017832236451
base_controls,wls_by_employees,sec_M,-31.256153058246582,119.32831051646319,-0.2619340952953014,0.7935294813571259,363,343,0.1763017832236451
base_controls,wls_by_employees,sec_N,-25.451735281828178,63.733122282209976,-0.399348633339004,0.6898848733133411,363,343,0.1763017832236451
base_controls,wls_by_employees,sec_O,-64.44173292886512,75.61052006219835,-0.8522852755919994,0.39465047310064316,363,343,0.1763017832236451
base_controls,wls_by_employees,sec_Q,-17.057259817650447,72.13534273353937,-0.23646189470060788,0.8132154185675402,363,343,0.1763017832236451
base_controls,wls_by_employees,sec_R,-31.905398014092725,74.84501946424069,-0.42628618767794463,0.6701667187484011,363,343,0.1763017832236451
base_controls,wls_by_employees,sec_S,2.2770979126808015,88.08319612719987,0.025851672200818784,0.979390680665186,363,343,0.1763017832236451
base_controls,wls_by_employees,sec_T,-24.512624600277604,92.65570110548953,-0.2645560317154118,0.7915103928703343,363,343,0.1763017832236451
base_controls,wls_by_turnover,Intercept,114.0731231027894,115.57090062558645,0.9870401847291181,0.3243186891062829,363,343,0.20166524456424928
base_controls,wls_by_turnover,log_turnover_2024,10.692336288722572,7.2545043726556635,1.4738892885674033,0.14142855790682257,363,343,0.20166524456424928
base_controls,wls_by_turnover,log_employees_2024,-10.369705235201309,10.58555859739693,-0.9796086942215121,0.3279697410520953,363,343,0.20166524456424928
base_controls,wls_by_turnover,time_span,-29.037988287369373,3.665419551700259,-7.9221458492792936,3.291063542443113e-14,363,343,0.20166524456424928
base_controls,wls_by_turnover,sec_C,-38.792066233183505,77.22495150300067,-0.5023255499445175,0.6157608694603222,363,343,0.20166524456424928
base_controls,wls_by_turnover,sec_E,-43.76233096037686,101.31581128492631,-0.4319397970106151,0.6660565658341672,363,343,0.20166524456424928
base_controls,wls_by_turnover,sec_F,-12.976441203483319,88.25276916381507,-0.14703721284253876,0.8831890345664319,363,343,0.20166524456424928
base_controls,wls_by_turnover,sec_G,-24.439661716518003,77.41125554157315,-0.31571199233931635,0.7524131340746417,363,343,0.20166524456424928
base_controls,wls_by_turnover,sec_H,-13.39124563806763,98.6977483226441,-0.13567934289940933,0.8921543695884533,363,343,0.20166524456424928
base_controls,wls_by_turnover,sec_I,-57.51316643770497,92.24867912431932,-0.6234578856158699,0.5333980260271628,363,343,0.20166524456424928
base_controls,wls_by_turnover,sec_J,11.837951292292928,77.88041281026761,0.15200165054508075,0.8792750005350258,363,343,0.20166524456424928
base_controls,wls_by_turnover,sec_K,-12.159918054442642,75.193191710159,-0.16171567901139874,0.8716249728252669,363,343,0.20166524456424928
base_controls,wls_by_turnover,sec_L,130.958953592306,82.24631039684338,1.592277549721333,0.1122434748109127,363,343,0.20166524456424928
base_controls,wls_by_turnover,sec_M,-43.77988947809172,139.7628772828174,-0.313244048271136,0.7542856440634285,363,343,0.20166524456424928
base_controls,wls_by_turnover,sec_N,-25.49956194146307,75.78175356948883,-0.3364868288258993,0.7367095496261191,363,343,0.20166524456424928
base_controls,wls_by_turnover,sec_O,-66.41277505337484,84.6928961152982,-0.7841599248532323,0.4334874673839205,363,343,0.20166524456424928
base_controls,wls_by_turnover,sec_Q,-15.909619278768332,82.28366571376479,-0.19335088125645936,0.846798623979657,363,343,0.20166524456424928
base_controls,wls_by_turnover,sec_R,-32.22443115246506,84.03851996671162,-0.3834483420844326,0.7016249193059134,363,343,0.20166524456424928
base_controls,wls_by_turnover,sec_S,-5.439817341490198,97.22375324472665,-0.05595152583543415,0.9554130007996494,363,343,0.20166524456424928
base_controls,wls_by_turnover,sec_T,-32.43480092507434,97.46584104766735,-0.3327812141816079,0.7395027398205101,363,343,0.20166524456424928
add_productivity,ols_equal_weights,Intercept,225.90712396457798,115.33919333209275,1.9586327720719376,0.05096819588814318,363,342,0.2160076904312076
add_productivity,ols_equal_weights,log_turnover_2024,179.24468743631235,62.54768865599785,2.8657283952110375,0.004417948153019703,363,342,0.2160076904312076
add_productivity,ols_equal_weights,log_employees_2024,-203.99546702295157,77.17460252623155,-2.643297928921808,0.008588189974473501,363,342,0.2160076904312076
add_productivity,ols_equal_weights,time_span,-31.616532351097543,3.9001781368368933,-8.106432896610988,9.38044909762359e-15,363,342,0.2160076904312076
add_productivity,ols_equal_weights,log_turnover_per_employee_2024,-167.85275750743253,62.22547818907705,-2.6974924483086915,0.007332576899918015,363,342,0.2160076904312076
add_productivity,ols_equal_weights,sec_C,-31.85239537623882,62.4892144021009,-0.5097262892645349,0.6105719945438162,363,342,0.2160076904312076
add_productivity,ols_equal_weights,sec_E,-76.28249785799909,95.07797044573215,-0.8023151682811637,0.42292782553743924,363,342,0.2160076904312076
add_productivity,ols_equal_weights,sec_F,-49.26432848877907,75.72225641573866,-0.6505924522151405,0.5157464310500233,363,342,0.2160076904312076
add_productivity,ols_equal_weights,sec_G,-15.427063542986257,63.275329123460004,-0.24380850730757414,0.807525317319976,363,342,0.2160076904312076
add_productivity,ols_equal_weights,sec_H,-30.84022889891515,108.58770323091181,-0.28401216695166104,0.7765729249565358,363,342,0.2160076904312076
add_productivity,ols_equal_weights,sec_I,-66.29662923832912,81.9512399204868,-0.8089765243656281,0.4190910702964622,363,342,0.2160076904312076
add_productivity,ols_equal_weights,sec_J,-34.577229063732965,62.108805723860414,-0.5567202373438874,0.5780826970223767,363,342,0.2160076904312076
add_productivity,ols_equal_weights,sec_K,-28.01771857160638,59.29622447533572,-0.4725042583994594,0.6368682770504199,363,342,0.2160076904312076
add_productivity,ols_equal_weights,sec_L,92.81289934505355,76.54537839329669,1.2125212689938372,0.22614982499889147,363,342,0.2160076904312076
add_productivity,ols_equal_weights,sec_M,-42.905683783859395,107.89428496588035,-0.3976641005353301,0.6911258937366778,363,342,0.2160076904312076
add_productivity,ols_equal_weights,sec_N,-44.313366330089664,59.925512761233094,-0.7394741286011455,0.4601263973745735,363,342,0.2160076904312076
add_productivity,ols_equal_weights,sec_O,-89.37798835299495,71.29067134575098,-1.2537122552756266,0.2108029345801995,363,342,0.2160076904312076
add_productivity,ols_equal_weights,sec_Q,-35.11314486731055,68.1750624769263,-0.5150438238203965,0.6068551167703533,363,342,0.2160076904312076
add_productivity,ols_equal_weights,sec_R,-56.363809937304765,74.28592548173822,-0.7587414381902092,0.4485298230178041,363,342,0.2160076904312076
add_productivity,ols_equal_weights,sec_S,-48.72944230884399,81.82817739009528,-0.5955093204207472,0.5518969294300022,363,342,0.2160076904312076
add_productivity,ols_equal_weights,sec_T,-49.36242531702023,87.13111712371092,-0.5665303848558976,0.5714048710600041,363,342,0.2160076904312076
add_productivity,wls_by_employees,Intercept,206.21655604214857,111.23201409033419,1.8539316915962265,0.0646097613302773,363,342,0.18889441930314166
add_productivity,wls_by_employees,log_turnover_2024,156.81070169976704,64.49622196638748,2.4313160820720583,0.0155572169345575,363,342,0.18889441930314166
add_productivity,wls_by_employees,log_employees_2024,-176.88749799668332,75.23521323645386,-2.3511264258765427,0.019283768252669115,363,342,0.18889441930314166
add_productivity,wls_by_employees,time_span,-29.494520212404275,3.9679497293628603,-7.433188982749601,8.581860444803957e-13,363,342,0.18889441930314166
add_productivity,wls_by_employees,log_turnover_per_employee_2024,-147.67142688812768,64.08609167486796,-2.304266386493321,0.021806467712812538,363,342,0.18889441930314166
add_productivity,wls_by_employees,sec_C,-18.938137288327304,65.57238303197718,-0.28881270456637037,0.7728996866445772,363,342,0.18889441930314166
add_productivity,wls_by_employees,sec_E,-48.217899852974135,102.33760255351876,-0.47116503269419435,0.6378232866238631,363,342,0.18889441930314166
add_productivity,wls_by_employees,sec_F,2.3664133141098675,78.15831594728657,0.030277178895536612,0.9758636575669795,363,342,0.18889441930314166
add_productivity,wls_by_employees,sec_G,0.7165657929177438,67.03760344453123,0.010689012674963094,0.9914777966437129,363,342,0.18889441930314166
add_productivity,wls_by_employees,sec_H,-9.252467294314052,92.04300058827349,-0.10052331231249365,0.919987778365271,363,342,0.18889441930314166
add_productivity,wls_by_employees,sec_I,-50.949691056030964,87.55031175965871,-0.5819475685694528,0.5609854016426176,363,342,0.18889441930314166
add_productivity,wls_by_employees,sec_J,-1.0818957393627984,65.68209471452285,-0.01647169969327398,0.9868676842773161,363,342,0.18889441930314166
add_productivity,wls_by_employees,sec_K,-4.247998356038557,62.52999945017032,-0.06793536531890991,0.9458767860543,363,342,0.18889441930314166
add_productivity,wls_by_employees,sec_L,136.2238927457889,71.9343207109979,1.8937259905891055,0.05910511778238783,363,342,0.18889441930314166
add_productivity,wls_by_employees,sec_M,-32.68018080336537,118.58725818270777,-0.2755791921001741,0.7830377228155372,363,342,0.18889441930314166
add_productivity,wls_by_employees,sec_N,-19.343337926674415,63.39191872319982,-0.30513886180251,0.760446014593196,363,342,0.18889441930314166
add_productivity,wls_by_employees,sec_O,-57.53557697750426,75.19969293342065,-0.7651038818528738,0.444737326623346,363,342,0.18889441930314166
add_productivity,wls_by_employees,sec_Q,-5.297113097588104,71.86783921364261,-0.07370630807253431,0.9412871688820246,363,342,0.18889441930314166
add_productivity,wls_by_employees,sec_R,-30.650112007664063,74.38120208016,-0.41206798425538615,0.6805477486811221,363,342,0.18889441930314166
add_productivity,wls_by_employees,sec_S,7.246962194771259,87.56156067678606,0.0827641962838214,0.9340874574077371,363,342,0.18889441930314166
add_productivity,wls_by_employees,sec_T,-30.301489490012674,92.11330550683076,-0.32895887649765904,0.7423881195229742,363,342,0.18889441930314166
add_productivity,wls_by_turnover,Intercept,223.7056986199824,121.49526503811404,1.841270921544178,0.06644776966240165,363,342,0.21835905912394948
add_productivity,wls_by_turnover,log_turnover_2024,169.3713228673997,59.15117784561181,2.863363487189878,0.004450270317017635,363,342,0.21835905912394948
add_productivity,wls_by_turnover,log_employees_2024,-193.90329593914285,68.71452437054022,-2.821867686859439,0.005053559969670301,363,342,0.21835905912394948
add_productivity,wls_by_turnover,time_span,-27.853001990511743,3.6585604372147635,-7.613104243732553,2.6342175990251117e-13,363,342,0.21835905912394948
add_productivity,wls_by_turnover,log_turnover_per_employee_2024,-161.145919136694,59.625511247213815,-2.7026337513244223,0.007222504575014541,363,342,0.21835905912394948
add_productivity,wls_by_turnover,sec_C,-30.635264720163306,76.58439475992866,-0.400019675237972,0.6893917552387376,363,342,0.21835905912394948
add_productivity,wls_by_turnover,sec_E,-47.358784556520504,100.4061951999503,-0.47167193679841724,0.6374617392499085,363,342,0.21835905912394948
add_productivity,wls_by_turnover,sec_F,-13.080179053821617,87.45276020210306,-0.14956851017158707,0.8811932162156335,363,342,0.21835905912394948
add_productivity,wls_by_turnover,sec_G,-11.951794668097133,76.84855393147966,-0.15552400216604845,0.876499985388816,363,342,0.21835905912394948
add_productivity,wls_by_turnover,sec_H,-16.83656022771031,97.81135422067285,-0.1721329835565433,0.8634347954434054,363,342,0.21835905912394948
add_productivity,wls_by_turnover,sec_I,-50.754539200381025,91.44663853945451,-0.555018095919218,0.5792450979587686,363,342,0.21835905912394948
add_productivity,wls_by_turnover,sec_J,13.872330935571789,77.17809247266838,0.17974441309863282,0.8574596732498161,363,342,0.21835905912394948
add_productivity,wls_by_turnover,sec_K,-4.7866899221935535,74.56148801693159,-0.06419788619436594,0.9488501669661735,363,342,0.21835905912394948
add_productivity,wls_by_turnover,sec_L,146.4083242669632,81.70096890021978,1.7920023010469996,0.07401646205336482,363,342,0.21835905912394948
add_productivity,wls_by_turnover,sec_M,-47.7546069853615,138.50372559021696,-0.34478933170830595,0.7304646884810755,363,342,0.21835905912394948
add_productivity,wls_by_turnover,sec_N,-16.629863048505484,75.16646652199326,-0.22124045226523567,0.8250372449418586,363,342,0.21835905912394948
add_productivity,wls_by_turnover,sec_O,-56.984506566403255,83.99762283270051,-0.6784061815642124,0.49797295769735095,363,342,0.21835905912394948
add_productivity,wls_by_turnover,sec_Q,-0.9764345086881928,81.7247596872817,-0.01194784190769727,0.9904741947163129,363,342,0.21835905912394948
add_productivity,wls_by_turnover,sec_R,-30.753490023541858,83.27848355548421,-0.36928494264730904,0.7121438788619318,363,342,0.21835905912394948
add_productivity,wls_by_turnover,sec_S,1.1274460918870792,96.37305251023349,0.011698769132246382,0.9906727668993773,363,342,0.21835905912394948
add_productivity,wls_by_turnover,sec_T,-37.47560457130077,96.60031418906955,-0.3879449553130044,0.6982981204691554,363,342,0.21835905912394948
extended_company_controls,ols_equal_weights,Intercept,134.1373713643584,156.49070686949892,0.8571587032079708,0.39200268302891983,363,318,0.27171904746926057
extended_company_controls,ols_equal_weights,log_turnover_2024,167.2904360515403,65.85898431299034,2.5401308234045015,0.01155657451063808,363,318,0.27171904746926057
extended_company_controls,ols_equal_weights,log_employees_2024,-191.00541027311004,80.04169887193613,-2.3863237907869985,0.0176023286947451,363,318,0.27171904746926057
extended_company_controls,ols_equal_weights,time_span,-18.192794611018318,43.84195793361594,-0.414963096277891,0.6784487351505223,363,318,0.27171904746926057
extended_company_controls,ols_equal_weights,log_turnover_per_employee_2024,-153.98622077831678,65.48498846016776,-2.351473588057227,0.019309080184021613,363,318,0.27171904746926057
extended_company_controls,ols_equal_weights,firm_age_2024,-12.170079716015412,43.772490068107174,-0.27803032674356776,0.7811697607575272,363,318,0.27171904746926057
extended_company_controls,ols_equal_weights,log_personnel_costs,0.3152898902516441,3.968432423297295,0.07944947944701947,0.936725086910147,363,318,0.27171904746926057
extended_company_controls,ols_equal_weights,board_women_share,18.426548827065957,20.827938286849196,0.8847034484781683,0.37698502502440934,363,318,0.27171904746926057
extended_company_controls,ols_equal_weights,sec_C,-32.218439530372244,63.085764782941624,-0.5107085511481998,0.6099094995295934,363,318,0.27171904746926057
extended_company_controls,ols_equal_weights,sec_E,-102.80190752864536,99.64554814918611,-1.0316758695002977,0.3030079748260441,363,318,0.27171904746926057
extended_company_controls,ols_equal_weights,sec_F,-40.496588714249796,77.0684703267131,-0.5254624691858334,0.5996279293678457,363,318,0.27171904746926057
extended_company_controls,ols_equal_weights,sec_G,-3.3977798973673186,63.98890465774227,-0.05309951647931838,0.9576859579881191,363,318,0.27171904746926057
extended_company_controls,ols_equal_weights,sec_H,-32.39581476122418,109.78777077545404,-0.29507671512415046,0.7681278320444115,363,318,0.27171904746926057
extended_company_controls,ols_equal_weights,sec_I,-77.38020948480936,84.21811340919189,-0.9188072061035243,0.3588928059613118,363,318,0.27171904746926057
extended_company_controls,ols_equal_weights,sec_J,-30.282729541290387,62.9995019535509,-0.480682046718681,0.6310730200127479,363,318,0.27171904746926057
extended_company_controls,ols_equal_weights,sec_K,-24.953649704080103,59.791425013224384,-0.41734495704962665,0.6767077283545397,363,318,0.27171904746926057
extended_company_controls,ols_equal_weights,sec_L,109.90522410870432,78.17473565156794,1.4058918548642378,0.16073255586633373,363,318,0.27171904746926057
extended_company_controls,ols_equal_weights,sec_M,-56.91678529914578,110.01427372521566,-0.5173581879139402,0.6052658166133253,363,318,0.27171904746926057
extended_company_controls,ols_equal_weights,sec_N,-48.16781630260679,60.56499874370557,-0.7953078065177503,0.427027685804112,363,318,0.27171904746926057
extended_company_controls,ols_equal_weights,sec_O,-69.43845358894407,73.72021449832111,-0.941918767620046,0.3469492271884119,363,318,0.27171904746926057
extended_company_controls,ols_equal_weights,sec_Q,-15.649414691941509,70.26814607740356,-0.2227099413538386,0.8239042412372881,363,318,0.27171904746926057
extended_company_controls,ols_equal_weights,sec_R,-64.37878428422985,75.33514467186015,-0.8545650846579868,0.39343529225369733,363,318,0.27171904746926057
extended_company_controls,ols_equal_weights,sec_S,-42.549582896746,83.52740684271312,-0.5094086420864148,0.6108191281689412,363,318,0.27171904746926057
extended_company_controls,ols_equal_weights,sec_T,-59.406441888553346,87.55384108431765,-0.6785132571321766,0.4979397827573899,363,318,0.27171904746926057
extended_company_controls,ols_equal_weights,region_Dalarnas län,136.67003291674143,81.12864853247237,1.6846087712411257,0.093045207948664,363,318,0.27171904746926057
extended_company_controls,ols_equal_weights,region_Gotlands län,25.10410859157482,85.78395618319328,0.292643399867972,0.7699855895654681,363,318,0.27171904746926057
extended_company_controls,ols_equal_weights,region_Gävleborgs län,50.42709266366298,60.543867635912825,0.8329017393951742,0.4055252520321533,363,318,0.27171904746926057
extended_company_controls,ols_equal_weights,region_Hallands län,-21.24478333898469,55.22881472191905,-0.3846684642057531,0.700740188361452,363,318,0.27171904746926057
extended_company_controls,ols_equal_weights,region_Jämtlands län,-15.443788687663016,65.72727855727813,-0.23496771852807666,0.8143850169432946,363,318,0.27171904746926057
extended_company_controls,ols_equal_weights,region_Jönköpings län,103.26816652709387,61.59264770202278,1.676631389945953,0.09459730826616232,363,318,0.27171904746926057
extended_company_controls,ols_equal_weights,region_Kalmar län,-57.743802032215946,60.31581483328913,-0.9573575718377983,0.33911406518337106,363,318,0.27171904746926057
extended_company_controls,ols_equal_weights,region_Kronobergs län,-16.49655140996463,62.269543513255385,-0.2649216692339007,0.7912414407464248,363,318,0.27171904746926057
extended_company_controls,ols_equal_weights,region_Norrbottens län,-20.30112511957571,60.73621531491131,-0.3342507433878843,0.7384106864869233,363,318,0.27171904746926057
extended_company_controls,ols_equal_weights,region_Skåne län,28.79657566644692,47.80037834787104,0.6024340530712448,0.5473145794389576,363,318,0.27171904746926057
extended_company_controls,ols_equal_weights,region_Stockholms län,26.526769773805114,43.773858126092435,0.6059956994741849,0.5449499099441186,363,318,0.27171904746926057
extended_company_controls,ols_equal_weights,region_Södermanlands län,19.303700323091906,101.50831186943881,0.19016866665973672,0.8492982999936003,363,318,0.27171904746926057
extended_company_controls,ols_equal_weights,region_Uppsala län,59.47924449922581,53.2472638622129,1.1170385140002557,0.26482111617266024,363,318,0.27171904746926057
extended_company_controls,ols_equal_weights,region_Värmlands län,-56.76673197920768,59.12406539161751,-0.9601290371899214,0.3377197211669498,363,318,0.27171904746926057
extended_company_controls,ols_equal_weights,region_Västerbottens län,-1.483889957940717,52.308627751528256,-0.028367977171746078,0.977386458876119,363,318,0.27171904746926057
extended_company_controls,ols_equal_weights,region_Västernorrlands län,-4.602366716238162,60.03698639015837,-0.07665885636445953,0.9389431432349041,363,318,0.27171904746926057
extended_company_controls,ols_equal_weights,region_Västmanlands län,-35.787037271121214,102.51519863670046,-0.3490900641761957,0.7272527314801958,363,318,0.27171904746926057
extended_company_controls,ols_equal_weights,region_Västra Götalands län,40.564955760569426,44.774391476914914,0.9059856409547002,0.3656293898342805,363,318,0.27171904746926057
extended_company_controls,ols_equal_weights,region_Örebro län,-40.73650050643677,72.45956064115155,-0.5621963498810054,0.5743783079857274,363,318,0.27171904746926057
extended_company_controls,ols_equal_weights,region_Östergötlands län,-28.407465967438338,54.66321343706548,-0.5196815953775613,0.6036470573643773,363,318,0.27171904746926057
extended_company_controls,ols_equal_weights,class_Startup,22.770513650296074,49.52006483479545,0.45982398702952204,0.6459567801261075,363,318,0.27171904746926057
extended_company_controls,wls_by_employees,Intercept,146.97195525616365,149.25850024720302,0.9846806380390237,0.32552955313929366,363,318,0.2666226303082333
extended_company_controls,wls_by_employees,log_turnover_2024,155.02571509506117,68.02252199847791,2.279035098088984,0.02332743016871256,363,318,0.2666226303082333
extended_company_controls,wls_by_employees,log_employees_2024,-175.11461745070343,77.81762776406055,-2.2503206854575786,0.025111750445010742,363,318,0.2666226303082333
extended_company_controls,wls_by_employees,time_span,-21.753962112851216,64.58999528075698,-0.3368008004690516,0.7364892324697816,363,318,0.2666226303082333
extended_company_controls,wls_by_employees,log_turnover_per_employee_2024,-142.30694905555964,67.43010514453216,-2.1104364104213347,0.03560136087434923,363,318,0.2666226303082333
extended_company_controls,wls_by_employees,firm_age_2024,-6.993519960347882,64.53539616132043,-0.10836719655157984,0.9137727649003097,363,318,0.2666226303082333
extended_company_controls,wls_by_employees,log_personnel_costs,-0.43329622495378994,5.045766823382701,-0.08587321612759476,0.9316212448449595,363,318,0.2666226303082333
extended_company_controls,wls_by_employees,board_women_share,25.39258868801925,21.543074045961912,1.1786891988508437,0.23940315442000637,363,318,0.2666226303082333
extended_company_controls,wls_by_employees,sec_C,-35.415036713304715,65.5979816311253,-0.5398799754610254,0.5896576612271189,363,318,0.2666226303082333
extended_company_controls,wls_by_employees,sec_E,-87.47328595528919,105.56266513167141,-0.8286384759818368,0.4079305111261988,363,318,0.2666226303082333
extended_company_controls,wls_by_employees,sec_F,1.9889546275898373,78.35099208212719,0.02538518753540508,0.9797636480849006,363,318,0.2666226303082333
extended_company_controls,wls_by_employees,sec_G,2.7298005304766617,67.0605043637125,0.040706531458087274,0.9675553994895025,363,318,0.2666226303082333
extended_company_controls,wls_by_employees,sec_H,-31.121816501648265,91.98794402654693,-0.3383249493288683,0.73534158375403,363,318,0.2666226303082333
extended_company_controls,wls_by_employees,sec_I,-106.07387620115428,92.71814289321892,-1.1440466007102494,0.25346473870163255,363,318,0.2666226303082333
extended_company_controls,wls_by_employees,sec_J,-9.93820256653172,65.76910101600474,-0.15110747163950566,0.8799867487990695,363,318,0.2666226303082333
extended_company_controls,wls_by_employees,sec_K,-12.660223446064647,62.20098573822872,-0.2035373442367116,0.8388452428378735,363,318,0.2666226303082333
extended_company_controls,wls_by_employees,sec_L,129.0380191309228,72.38161804392718,1.782745711108749,0.07558156587773099,363,318,0.2666226303082333
extended_company_controls,wls_by_employees,sec_M,-64.49386967723147,118.32598952884061,-0.5450524431195383,0.5860995055413236,363,318,0.2666226303082333
extended_company_controls,wls_by_employees,sec_N,-39.81178553744217,63.496478953929035,-0.6269920189799547,0.5311143484725798,363,318,0.2666226303082333
extended_company_controls,wls_by_employees,sec_O,-58.377255790014374,76.05829365719225,-0.7675330721082261,0.44333414831144224,363,318,0.2666226303082333
extended_company_controls,wls_by_employees,sec_Q,5.004774624171961,73.41956763473695,0.06816676787134954,0.9456957216593143,363,318,0.2666226303082333
extended_company_controls,wls_by_employees,sec_R,-63.56883754170018,74.91739800033659,-0.8485190254660816,0.3967872371114731,363,318,0.2666226303082333
extended_company_controls,wls_by_employees,sec_S,-8.597956338026458,87.37009058997909,-0.09840846312470919,0.9216699552473667,363,318,0.2666226303082333
extended_company_controls,wls_by_employees,sec_T,-50.902883102356135,91.46021210360358,-0.5565576760820844,0.5782211197495659,363,318,0.2666226303082333
extended_company_controls,wls_by_employees,region_Dalarnas län,107.52815822232711,82.55720773292092,1.3024684479420523,0.19369878517789524,363,318,0.2666226303082333
extended_company_controls,wls_by_employees,region_Gotlands län,-7.8210899385872485,96.52142998020003,-0.08102956970479645,0.9354694096571714,363,318,0.2666226303082333
extended_company_controls,wls_by_employees,region_Gävleborgs län,89.23232306661846,61.29960674846755,1.4556752938525044,0.1464689029902284,363,318,0.2666226303082333
extended_company_controls,wls_by_employees,region_Hallands län,-64.78941941403212,55.99232713180414,-1.157112460454089,0.24809484723077088,363,318,0.2666226303082333
extended_company_controls,wls_by_employees,region_Jämtlands län,-60.97160442393985,62.698887819108464,-0.9724511318262619,0.33156526803676767,363,318,0.2666226303082333
extended_company_controls,wls_by_employees,region_Jönköpings län,25.267772371114816,64.07823930290334,0.3943268829792886,0.6936040304626638,363,318,0.2666226303082333
extended_company_controls,wls_by_employees,region_Kalmar län,-102.0440345271921,66.74293511195987,-1.5289114024730166,0.12728048272507492,363,318,0.2666226303082333
extended_company_controls,wls_by_employees,region_Kronobergs län,-58.387893144128306,67.66885440066275,-0.8628473713832586,0.38887164836767796,363,318,0.2666226303082333
extended_company_controls,wls_by_employees,region_Norrbottens län,-72.49752721210362,60.91104472895182,-1.1902197300130133,0.23484782087387077,363,318,0.2666226303082333
extended_company_controls,wls_by_employees,region_Skåne län,-9.065139146045583,45.79920118819053,-0.19793225451240093,0.8432245344735001,363,318,0.2666226303082333
extended_company_controls,wls_by_employees,region_Stockholms län,-1.156403182381116,41.81378449951768,-0.027656027700493246,0.9779538425997576,363,318,0.2666226303082333
extended_company_controls,wls_by_employees,region_Södermanlands län,-9.145054984097179,124.04455064519692,-0.073723955921729,0.9412763880447934,363,318,0.2666226303082333
extended_company_controls,wls_by_employees,region_Uppsala län,33.86142855320545,51.289081673136266,0.6602073472284664,0.5095986946305437,363,318,0.2666226303082333
extended_company_controls,wls_by_employees,region_Värmlands län,-115.04963496153135,57.86536184652202,-1.988229768037757,0.04764332331566542,363,318,0.2666226303082333
extended_company_controls,wls_by_employees,region_Västerbottens län,-34.32914375473814,51.851550230859836,-0.6620659093487796,0.5084084748383435,363,318,0.2666226303082333
extended_company_controls,wls_by_employees,region_Västernorrlands län,-72.94799401873902,60.967502418430875,-1.1965061897744127,0.2323903832406197,363,318,0.2666226303082333
extended_company_controls,wls_by_employees,region_Västmanlands län,-59.87727525705322,103.85514768330228,-0.5765460508480913,0.5646540156213555,363,318,0.2666226303082333
extended_company_controls,wls_by_employees,region_Västra Götalands län,-8.112752993859303,42.94540021090807,-0.18890854326696147,0.8502850033443575,363,318,0.2666226303082333
extended_company_controls,wls_by_employees,region_Örebro län,-85.50489401051232,68.22133963818304,-1.2533452797027131,0.2110007974306021,363,318,0.2666226303082333
extended_company_controls,wls_by_employees,region_Östergötlands län,-66.7880960963648,50.27848382203091,-1.3283633677732292,0.185010614981264,363,318,0.2666226303082333
extended_company_controls,wls_by_employees,class_Startup,34.57381108057969,34.3291736426253,1.0071262256557971,0.3146398313926123,363,318,0.2666226303082333
extended_company_controls,wls_by_turnover,Intercept,153.27898195607818,154.04820077309836,0.995006635500059,0.3204895488647896,363,318,0.30468805712640346
extended_company_controls,wls_by_turnover,log_turnover_2024,181.26144566613607,62.57893360347307,2.8965250001651714,0.004034752409952492,363,318,0.30468805712640346
extended_company_controls,wls_by_turnover,log_employees_2024,-207.81689648039819,71.3096810562092,-2.914287280524904,0.003817815985415716,363,318,0.30468805712640346
extended_company_controls,wls_by_turnover,time_span,-21.75601048194514,65.14575792448045,-0.3339589740772618,0.7386306380211918,363,318,0.30468805712640346
extended_company_controls,wls_by_turnover,log_turnover_per_employee_2024,-165.54966585690363,62.744305508501306,-2.638481126139377,0.008737668137405607,363,318,0.30468805712640346
extended_company_controls,wls_by_turnover,firm_age_2024,-5.466274666190423,65.09659284580177,-0.08397174763260987,0.9331317310703311,363,318,0.30468805712640346
extended_company_controls,wls_by_turnover,log_personnel_costs,-0.9668653998877335,5.36109249027239,-0.18034857664591575,0.8569937978980853,363,318,0.30468805712640346
extended_company_controls,wls_by_turnover,board_women_share,28.380721550760356,19.954810100233892,1.422249643479579,0.15593389992045523,363,318,0.30468805712640346
extended_company_controls,wls_by_turnover,sec_C,-64.63626540995546,76.37729521517711,-0.8462759152161156,0.39803521129109776,363,318,0.30468805712640346
extended_company_controls,wls_by_turnover,sec_E,-74.68154552231354,105.13594732003683,-0.7103331203644437,0.47801818017722697,363,318,0.30468805712640346
extended_company_controls,wls_by_turnover,sec_F,-28.83616911521801,87.40468167135283,-0.3299156128002827,0.7416809484614347,363,318,0.30468805712640346
extended_company_controls,wls_by_turnover,sec_G,-21.854615001279,76.54696208661663,-0.2855059744441515,0.7754424013164167,363,318,0.30468805712640346
extended_company_controls,wls_by_turnover,sec_H,-63.86265090390889,97.55373279065867,-0.6546407715730598,0.5131722687735384,363,318,0.30468805712640346
extended_company_controls,wls_by_turnover,sec_I,-99.77364560166532,96.11140239630922,-1.0381041490816572,0.30001026231035416,363,318,0.30468805712640346
extended_company_controls,wls_by_turnover,sec_J,-12.776166453089722,77.02755155533876,-0.16586489113458272,0.8683686786677309,363,318,0.30468805712640346
extended_company_controls,wls_by_turnover,sec_K,-30.149173980416688,74.09418825339193,-0.40690335761977253,0.6843527067359383,363,318,0.30468805712640346
extended_company_controls,wls_by_turnover,sec_L,119.04848595089959,81.80282522117865,1.4553102002163867,0.14656984432696707,363,318,0.30468805712640346
extended_company_controls,wls_by_turnover,sec_M,-88.73093328572824,136.95601276333744,-0.6478790634702323,0.5175306558299306,363,318,0.30468805712640346
extended_company_controls,wls_by_turnover,sec_N,-51.96271894528548,75.20171196902486,-0.6909778725075916,0.4900835227947933,363,318,0.30468805712640346
extended_company_controls,wls_by_turnover,sec_O,-66.91282676002704,84.47317956974449,-0.7921191921606443,0.4288816761573868,363,318,0.30468805712640346
extended_company_controls,wls_by_turnover,sec_Q,-4.7160832308252,82.99847081124979,-0.05682132676335974,0.9547232105478585,363,318,0.30468805712640346
extended_company_controls,wls_by_turnover,sec_R,-90.16130734403794,83.51339117445919,-1.07960299631099,0.2811371550199465,363,318,0.30468805712640346
extended_company_controls,wls_by_turnover,sec_S,-37.70898769398951,95.82033817345925,-0.39353845345156924,0.6941855525788199,363,318,0.30468805712640346
extended_company_controls,wls_by_turnover,sec_T,-77.40808140420087,95.57714189953309,-0.8099016131447955,0.4186023494400357,363,318,0.30468805712640346
extended_company_controls,wls_by_turnover,region_Dalarnas län,21.800031737252915,76.43120378563465,0.2852242364047426,0.7756580306209163,363,318,0.30468805712640346
extended_company_controls,wls_by_turnover,region_Gotlands län,-18.609613575204,83.88323015292454,-0.22185141823076526,0.8245719525798308,363,318,0.30468805712640346
extended_company_controls,wls_by_turnover,region_Gävleborgs län,88.18321631413413,57.444948002216414,1.535090889293376,0.12575581152824547,363,318,0.30468805712640346
extended_company_controls,wls_by_turnover,region_Hallands län,-72.40358985305932,49.29888050217637,-1.4686660044919877,0.1429118919168626,363,318,0.30468805712640346
extended_company_controls,wls_by_turnover,region_Jämtlands län,-86.09299112526622,56.91996163343541,-1.512527216369279,0.13139294256335177,363,318,0.30468805712640346
extended_company_controls,wls_by_turnover,region_Jönköpings län,-24.8373560660945,51.90038210975517,-0.4785582505649045,0.6325817824601052,363,318,0.30468805712640346
extended_company_controls,wls_by_turnover,region_Kalmar län,-108.69428096927288,52.05394926407119,-2.0881082512656945,0.037583379012232285,363,318,0.30468805712640346
extended_company_controls,wls_by_turnover,region_Kronobergs län,-80.57693763736378,63.25202873763871,-1.273902817751294,0.20362811719838692,363,318,0.30468805712640346
extended_company_controls,wls_by_turnover,region_Norrbottens län,-95.24716003172368,51.07243591823228,-1.8649425726279394,0.06311038536329978,363,318,0.30468805712640346
extended_company_controls,wls_by_turnover,region_Skåne län,-11.397717988747777,40.04446397611138,-0.2846265590056871,0.7761155228612271,363,318,0.30468805712640346
extended_company_controls,wls_by_turnover,region_Stockholms län,2.7464462200106725,34.76815808802907,0.07899314692072497,0.9370877580233893,363,318,0.30468805712640346
extended_company_controls,wls_by_turnover,region_Södermanlands län,-14.80162993223052,75.98401307431685,-0.1947992654422405,0.8456744913003029,363,318,0.30468805712640346
extended_company_controls,wls_by_turnover,region_Uppsala län,3.271673110053636,42.875685293095636,0.07630602491105794,0.9392236166662149,363,318,0.30468805712640346
extended_company_controls,wls_by_turnover,region_Värmlands län,-88.99032899477636,49.284420472389975,-1.8056482787421708,0.07191885168964811,363,318,0.30468805712640346
extended_company_controls,wls_by_turnover,region_Västerbottens län,-24.75214306212327,44.05022558290437,-0.5619072941076931,0.5745750066553217,363,318,0.30468805712640346
extended_company_controls,wls_by_turnover,region_Västernorrlands län,-88.61594591673602,53.339683046207526,-1.6613511902567755,0.09762843851904111,363,318,0.30468805712640346
extended_company_controls,wls_by_turnover,region_Västmanlands län,-85.49182747476654,73.22840618522964,-1.1674680896169833,0.2438960164984781,363,318,0.30468805712640346
extended_company_controls,wls_by_turnover,region_Västra Götalands län,-17.863024269067473,35.027281006044845,-0.5099746185261926,0.6104230043348189,363,318,0.30468805712640346
extended_company_controls,wls_by_turnover,region_Örebro län,-83.42287543334086,58.788516937483365,-1.4190335082283851,0.15686864403953968,363,318,0.30468805712640346
extended_company_controls,wls_by_turnover,region_Östergötlands län,-84.39736952021647,44.27404471234669,-1.906249362771245,0.05751915999898263,363,318,0.30468805712640346
extended_company_controls,wls_by_turnover,class_Startup,28.2581936056714,26.312177100270087,1.0739587795409502,0.28365539486945185,363,318,0.30468805712640346
